id,set,label,brand,domain,url,html_path
www.facebook.com_adv,EvasionSet1,phish,facebook,www.facebook.com,https://www.facebook.com/,C:\Users\Enzo\Documents\PhishOracle\PhishOracle-Project\PhishOracle_Tool\datasets\EvasionSet1\html\www.facebook.com_adv.html
www.google.com_adv,EvasionSet1,phish,google,www.google.com,https://www.google.com/,C:\Users\Enzo\Documents\PhishOracle\PhishOracle-Project\PhishOracle_Tool\datasets\EvasionSet1\html\www.google.com_adv.html
www.bbc.com_adv,EvasionSet1,phish,bbc,www.bbc.com,https://www.bbc.com/,C:\Users\Enzo\Documents\PhishOracle\PhishOracle-Project\PhishOracle_Tool\datasets\EvasionSet1\html\www.bbc.com_adv.html
www.linkedin.com_adv,EvasionSet1,phish,linkedin,www.linkedin.com,https://www.linkedin.com/,C:\Users\Enzo\Documents\PhishOracle\PhishOracle-Project\PhishOracle_Tool\datasets\EvasionSet1\html\www.linkedin.com_adv.html
www.theguardian.com_adv,EvasionSet1,phish,theguardian,www.theguardian.com,https://www.theguardian.com/,C:\Users\Enzo\Documents\PhishOracle\PhishOracle-Project\PhishOracle_Tool\datasets\EvasionSet1\html\www.theguardian.com_adv.html
www.mercadolivre.com.br_adv,EvasionSet1,phish,mercadolivre,www.mercadolivre.com.br,https://www.mercadolivre.com.br/,C:\Users\Enzo\Documents\PhishOracle\PhishOracle-Project\PhishOracle_Tool\datasets\EvasionSet1\html\www.mercadolivre.com.br_adv.html
www.reddit.com_adv,EvasionSet1,phish,reddit,www.reddit.com,https://www.reddit.com/,C:\Users\Enzo\Documents\PhishOracle\PhishOracle-Project\PhishOracle_Tool\datasets\EvasionSet1\html\www.reddit.com_adv.html
www.instagram.com_adv,EvasionSet1,phish,instagram,www.instagram.com,https://www.instagram.com/,C:\Users\Enzo\Documents\PhishOracle\PhishOracle-Project\PhishOracle_Tool\datasets\EvasionSet1\html\www.instagram.com_adv.html
www.picpay.com_adv,EvasionSet1,phish,picpay,www.picpay.com,https://www.picpay.com/,C:\Users\Enzo\Documents\PhishOracle\PhishOracle-Project\PhishOracle_Tool\datasets\EvasionSet1\html\www.picpay.com_adv.html
www.nytimes.com_adv,EvasionSet1,phish,nytimes,www.nytimes.com,https://www.nytimes.com/,C:\Users\Enzo\Documents\PhishOracle\PhishOracle-Project\PhishOracle_Tool\datasets\EvasionSet1\html\www.nytimes.com_adv.html
www.ibm.com_adv,EvasionSet1,phish,ibm,www.ibm.com,https://www.ibm.com/,C:\Users\Enzo\Documents\PhishOracle\PhishOracle-Project\PhishOracle_Tool\datasets\EvasionSet1\html\www.ibm.com_adv.html
www.github.com_adv,EvasionSet1,phish,github,www.github.com,https://www.github.com/,C:\Users\Enzo\Documents\PhishOracle\PhishOracle-Project\PhishOracle_Tool\datasets\EvasionSet1\html\www.github.com_adv.html
www.globo.com_adv,EvasionSet1,phish,globo,www.globo.com,https://www.globo.com/,C:\Users\Enzo\Documents\PhishOracle\PhishOracle-Project\PhishOracle_Tool\datasets\EvasionSet1\html\www.globo.com_adv.html
www.pinterest.com_adv,EvasionSet1,phish,pinterest,www.pinterest.com,https://www.pinterest.com/,C:\Users\Enzo\Documents\PhishOracle\PhishOracle-Project\PhishOracle_Tool\datasets\EvasionSet1\html\www.pinterest.com_adv.html
www.coursera.org_adv,EvasionSet1,phish,coursera,www.coursera.org,https://www.coursera.org/,C:\Users\Enzo\Documents\PhishOracle\PhishOracle-Project\PhishOracle_Tool\datasets\EvasionSet1\html\www.coursera.org_adv.html
www.khanacademy.org_adv,EvasionSet1,phish,khanacademy,www.khanacademy.org,https://www.khanacademy.org/,C:\Users\Enzo\Documents\PhishOracle\PhishOracle-Project\PhishOracle_Tool\datasets\EvasionSet1\html\www.khanacademy.org_adv.html
www.santander.com.br_adv,EvasionSet1,phish,santander,www.santander.com.br,https://www.santander.com.br/,C:\Users\Enzo\Documents\PhishOracle\PhishOracle-Project\PhishOracle_Tool\datasets\EvasionSet1\html\www.santander.com.br_adv.html
www.claro.com.br_adv,EvasionSet1,phish,claro,www.claro.com.br,https://www.claro.com.br/,C:\Users\Enzo\Documents\PhishOracle\PhishOracle-Project\PhishOracle_Tool\datasets\EvasionSet1\html\www.claro.com.br_adv.html
www.pagseguro.com.br_adv,EvasionSet1,phish,pagseguro,www.pagseguro.com.br,https://www.pagseguro.com.br/,C:\Users\Enzo\Documents\PhishOracle\PhishOracle-Project\PhishOracle_Tool\datasets\EvasionSet1\html\www.pagseguro.com.br_adv.html
www.aliexpress.com_adv,EvasionSet1,phish,aliexpress,www.aliexpress.com,https://www.aliexpress.com/,C:\Users\Enzo\Documents\PhishOracle\PhishOracle-Project\PhishOracle_Tool\datasets\EvasionSet1\html\www.aliexpress.com_adv.html
www.uol.com.br_adv,EvasionSet1,phish,uol,www.uol.com.br,https://www.uol.com.br/,C:\Users\Enzo\Documents\PhishOracle\PhishOracle-Project\PhishOracle_Tool\datasets\EvasionSet1\html\www.uol.com.br_adv.html
www.gov.br_adv,EvasionSet1,phish,gov,www.gov.br,https://www.gov.br/,C:\Users\Enzo\Documents\PhishOracle\PhishOracle-Project\PhishOracle_Tool\datasets\EvasionSet1\html\www.gov.br_adv.html
www.kabum.com.br_adv,EvasionSet1,phish,kabum,www.kabum.com.br,https://www.kabum.com.br/,C:\Users\Enzo\Documents\PhishOracle\PhishOracle-Project\PhishOracle_Tool\datasets\EvasionSet1\html\www.kabum.com.br_adv.html
www.americanas.com.br_adv,EvasionSet1,phish,americanas,www.americanas.com.br,https://www.americanas.com.br/,C:\Users\Enzo\Documents\PhishOracle\PhishOracle-Project\PhishOracle_Tool\datasets\EvasionSet1\html\www.americanas.com.br_adv.html
www.twitter.com_adv,EvasionSet1,phish,twitter,www.twitter.com,https://www.twitter.com/,C:\Users\Enzo\Documents\PhishOracle\PhishOracle-Project\PhishOracle_Tool\datasets\EvasionSet1\html\www.twitter.com_adv.html
www.python.org_adv,EvasionSet1,phish,python,www.python.org,https://www.python.org/,C:\Users\Enzo\Documents\PhishOracle\PhishOracle-Project\PhishOracle_Tool\datasets\EvasionSet1\html\www.python.org_adv.html
www.magazineluiza.com.br_adv,EvasionSet1,phish,magazineluiza,www.magazineluiza.com.br,https://www.magazineluiza.com.br/,C:\Users\Enzo\Documents\PhishOracle\PhishOracle-Project\PhishOracle_Tool\datasets\EvasionSet1\html\www.magazineluiza.com.br_adv.html
www.apple.com_adv,EvasionSet1,phish,apple,www.apple.com,https://www.apple.com/,C:\Users\Enzo\Documents\PhishOracle\PhishOracle-Project\PhishOracle_Tool\datasets\EvasionSet1\html\www.apple.com_adv.html
www.nubank.com.br_adv,EvasionSet1,phish,nubank,www.nubank.com.br,https://www.nubank.com.br/,C:\Users\Enzo\Documents\PhishOracle\PhishOracle-Project\PhishOracle_Tool\datasets\EvasionSet1\html\www.nubank.com.br_adv.html
www.b3.com.br_adv,EvasionSet1,phish,b3,www.b3.com.br,https://www.b3.com.br/,C:\Users\Enzo\Documents\PhishOracle\PhishOracle-Project\PhishOracle_Tool\datasets\EvasionSet1\html\www.b3.com.br_adv.html
www.w3schools.com_adv,EvasionSet1,phish,w3schools,www.w3schools.com,https://www.w3schools.com/,C:\Users\Enzo\Documents\PhishOracle\PhishOracle-Project\PhishOracle_Tool\datasets\EvasionSet1\html\www.w3schools.com_adv.html
www.ifood.com.br_adv,EvasionSet1,phish,ifood,www.ifood.com.br,https://www.ifood.com.br/,C:\Users\Enzo\Documents\PhishOracle\PhishOracle-Project\PhishOracle_Tool\datasets\EvasionSet1\html\www.ifood.com.br_adv.html
www.inter.co_adv,EvasionSet1,phish,inter,www.inter.co,https://www.inter.co/,C:\Users\Enzo\Documents\PhishOracle\PhishOracle-Project\PhishOracle_Tool\datasets\EvasionSet1\html\www.inter.co_adv.html
www.amazon.com_adv,EvasionSet1,phish,amazon,www.amazon.com,https://www.amazon.com/,C:\Users\Enzo\Documents\PhishOracle\PhishOracle-Project\PhishOracle_Tool\datasets\EvasionSet1\html\www.amazon.com_adv.html
www.cnnbrasil.com.br_adv,EvasionSet1,phish,cnnbrasil,www.cnnbrasil.com.br,https://www.cnnbrasil.com.br/,C:\Users\Enzo\Documents\PhishOracle\PhishOracle-Project\PhishOracle_Tool\datasets\EvasionSet1\html\www.cnnbrasil.com.br_adv.html
